<?xml version="1.0" encoding="UTF-8"?>
<?xml-stylesheet type="text/xsl" media="screen" href="/~d/styles/rss2enclosuresfull.xsl"?><?xml-stylesheet type="text/css" media="screen" href="http://feeds.feedburner.com/~d/styles/itemcontent.css"?><rss xmlns:content="http://purl.org/rss/1.0/modules/content/" xmlns:wfw="http://wellformedweb.org/CommentAPI/" xmlns:dc="http://purl.org/dc/elements/1.1/" xmlns:atom="http://www.w3.org/2005/Atom" xmlns:sy="http://purl.org/rss/1.0/modules/syndication/" xmlns:slash="http://purl.org/rss/1.0/modules/slash/" xmlns:itunes="http://www.itunes.com/dtds/podcast-1.0.dtd" xmlns:media="http://search.yahoo.com/mrss/" xmlns:feedburner="http://rssnamespace.org/feedburner/ext/1.0" version="2.0">

<channel>
	<title>The Critical Thinker</title>
	
	<link>http://www.criticalthinkingtutorials.com</link>
	<description />
	<lastBuildDate>Sun, 22 Aug 2010 23:39:51 +0000</lastBuildDate>
	
	<language>en</language>
	<sy:updatePeriod>hourly</sy:updatePeriod>
	<sy:updateFrequency>1</sy:updateFrequency>
	<!-- podcast_generator="Summer Street Church Podcaster by Radif Sharafullin" mode="advanced" entry="normal" -->
	<itunes:summary>The Critical Thinker is dedicated to helping you learn to think critically and independently about the issues that matter most to you. Join philosopher Kevin deLaplante as he explores the elements of critical thinking and answers listener questions about logic, argumentation, fallacies, the nature of scientific reasoning, the psychology of belief and persuasion, and a host of other topics. Note: iTunes also hosts a video version of this podcast. </itunes:summary>
	<itunes:author>CriticalThinkingTutorials.com</itunes:author>
	<itunes:explicit>no</itunes:explicit>
	<itunes:image href="http://www.criticalthinkingtutorials.com/wp-content/uploads/podcast-logo2.png" />
	<itunes:owner>
		<itunes:name>CriticalThinkingTutorials.com</itunes:name>
		<itunes:email>kdelapla@gmail.com</itunes:email>
	</itunes:owner>
	<managingEditor>kdelapla@gmail.com (CriticalThinkingTutorials.com)</managingEditor>
	<copyright>CriticalThinkingTutorials.com</copyright>
	<itunes:subtitle>Dedicated to the Art and Science of Reasoning Well</itunes:subtitle>
	<itunes:keywords>critical thinking, argumentation, logic, philosophy</itunes:keywords>
	<image>
		<title>The Critical Thinker</title>
		<url>http://www.criticalthinkingtutorials.com/wp-content/plugins/powerpress/rss_default.jpg</url>
		<link>http://www.criticalthinkingtutorials.com</link>
	</image>
	<itunes:category text="Society &amp; Culture">
		<itunes:category text="Philosophy" />
	</itunes:category>
	<itunes:category text="Science &amp; Medicine">
		<itunes:category text="Natural Sciences" />
	</itunes:category>
	<itunes:category text="Education" />
		<atom10:link xmlns:atom10="http://www.w3.org/2005/Atom" rel="self" type="application/rss+xml" href="http://feeds.feedburner.com/TheCriticalThinker" /><feedburner:info uri="thecriticalthinker" /><atom10:link xmlns:atom10="http://www.w3.org/2005/Atom" rel="hub" href="http://pubsubhubbub.appspot.com/" /><media:copyright>CriticalThinkingTutorials.com</media:copyright><media:thumbnail url="http://www.criticalthinkingtutorials.com/wp-content/uploads/podcast-logo2.png" /><media:keywords>critical thinking, argumentation, logic, philosophy</media:keywords><media:category scheme="http://www.itunes.com/dtds/podcast-1.0.dtd">Society &amp; Culture/Philosophy</media:category><media:category scheme="http://www.itunes.com/dtds/podcast-1.0.dtd">Science &amp; Medicine/Natural Sciences</media:category><media:category scheme="http://www.itunes.com/dtds/podcast-1.0.dtd">Education</media:category><item>
		<title>TCT 006: If the Brain is a Computer, Does that Mean it Was Designed? | An Introduction to Fallacies</title>
		<link>http://feedproxy.google.com/~r/TheCriticalThinker/~3/rPWxM0CIyy0/</link>
		<comments>http://www.criticalthinkingtutorials.com/tct-006-fallacies/#comments</comments>
		<pubDate>Sat, 21 Aug 2010 05:08:52 +0000</pubDate>
		<dc:creator>Kevin</dc:creator>
				<category><![CDATA[Fallacies]]></category>
		<category><![CDATA[Podcast]]></category>

		<guid isPermaLink="false">http://www.criticalthinkingtutorials.com/?p=1253</guid>
		<description><![CDATA[Our first &#8220;mailbag&#8221; episode! In this episode I answer a viewer  question about an argument involving brains and computers. Along the way  we introduce the concept of a &#8220;fallacy&#8221; and look at three different  kinds of fallacies:

the &#8220;use-mention&#8221; fallacy
the fallacy of equivocation
begging the question

]]></description>
			<content:encoded><![CDATA[<p>Our first &#8220;mailbag&#8221; episode! In this episode I answer a viewer  question about an argument involving brains and computers. Along the way  we introduce the concept of a &#8220;fallacy&#8221; and look at three different  kinds of fallacies:</p>
<ul>
<li>the &#8220;use-mention&#8221; fallacy</li>
<li>the fallacy of equivocation</li>
<li>begging the question</li>
</ul>
<img src="http://feeds.feedburner.com/~r/TheCriticalThinker/~4/rPWxM0CIyy0" height="1" width="1"/>]]></content:encoded>
			<wfw:commentRss>http://www.criticalthinkingtutorials.com/tct-006-fallacies/feed/?euid=1%247e1396c32cc2188871486fec9f94bb3e</wfw:commentRss>
		<slash:comments>0</slash:comments>
<enclosure url="http://s3.amazonaws.com/ctt-podcast/006.mp3" length="12256570" type="audio/mpeg" />
			<itunes:subtitle>Our first "mailbag" episode! In this episode I answer a viewer  question about an argument involving brains and computers. Along the way  we introduce the concept of a "fallacy" and look at three different  kinds of fallacies:    the "use-mention" fall...</itunes:subtitle>
		<itunes:summary>Our first "mailbag" episode! In this episode I answer a viewer  question about an argument involving brains and computers. Along the way  we introduce the concept of a "fallacy" and look at three different  kinds of fallacies:

	* the "use-mention" fallacy
	* the fallacy of equivocation
	* begging the question
</itunes:summary>
		<itunes:author>CriticalThinkingTutorials.com</itunes:author>
		<itunes:explicit>no</itunes:explicit>
		<itunes:duration>12:46</itunes:duration>
	<media:content url="http://s3.amazonaws.com/ctt-podcast/006.mp3" fileSize="12256570" type="audio/mpeg" /><feedburner:origLink>http://www.criticalthinkingtutorials.com/tct-006-fallacies/</feedburner:origLink></item>
		<item>
		<title>TCT 005: Why Critical Thinking Matters | Part 4: Wisdom</title>
		<link>http://feedproxy.google.com/~r/TheCriticalThinker/~3/ppR5F6m42yI/</link>
		<comments>http://www.criticalthinkingtutorials.com/episode-005-wisdom/#comments</comments>
		<pubDate>Thu, 05 Aug 2010 02:08:26 +0000</pubDate>
		<dc:creator>Kevin</dc:creator>
				<category><![CDATA[Podcast]]></category>
		<category><![CDATA[mysticism]]></category>
		<category><![CDATA[religion]]></category>
		<category><![CDATA[wisdom]]></category>

		<guid isPermaLink="false">http://www.critical-thinking-tutorials.com/?p=1077</guid>
		<description><![CDATA[On this episode of the podcast we&#8217;re looking at the relationship between critical thinking and the pursuit of philosophical wisdom. In it I distinguish the philosophical pursuit of wisdom from the wisdom that is offered by revealed religion on the one hand, and mysticism on the other.
]]></description>
			<content:encoded><![CDATA[<p>On this episode of the podcast we&#8217;re looking at the relationship between critical thinking and the pursuit of <strong>philosophical wisdom</strong>. In it I distinguish the philosophical pursuit of wisdom from the wisdom that is offered by <strong>revealed religion</strong> on the one hand, and <strong>mysticism</strong> on the other.</p>
<img src="http://feeds.feedburner.com/~r/TheCriticalThinker/~4/ppR5F6m42yI" height="1" width="1"/>]]></content:encoded>
			<wfw:commentRss>http://www.criticalthinkingtutorials.com/episode-005-wisdom/feed/?euid=1%247e1396c32cc2188871486fec9f94bb3e</wfw:commentRss>
		<slash:comments>0</slash:comments>
<enclosure url="http://s3.amazonaws.com/ctt-podcast/005.mp3" length="11005201" type="audio/mpeg" />
			<itunes:keywords>mysticism,religion,wisdom</itunes:keywords>
		<itunes:subtitle>On this episode of the podcast we're looking at the relationship between critical thinking and the pursuit of philosophical wisdom. In it I distinguish the philosophical pursuit of wisdom from the wisdom that is offered by revealed religion on the one ...</itunes:subtitle>
		<itunes:summary>On this episode of the podcast we're looking at the relationship between critical thinking and the pursuit of philosophical wisdom. In it I distinguish the philosophical pursuit of wisdom from the wisdom that is offered by revealed religion on the one hand, and mysticism on the other.</itunes:summary>
		<itunes:author>CriticalThinkingTutorials.com</itunes:author>
		<itunes:explicit>no</itunes:explicit>
		<itunes:duration>11:28</itunes:duration>
	<media:content url="http://s3.amazonaws.com/ctt-podcast/005.mp3" fileSize="11005201" type="audio/mpeg" /><feedburner:origLink>http://www.criticalthinkingtutorials.com/episode-005-wisdom/</feedburner:origLink></item>
		<item>
		<title>TCT 004: Why Critical Thinking Matters | Part 3: Civic Duty</title>
		<link>http://feedproxy.google.com/~r/TheCriticalThinker/~3/SjVLgFlYtH4/</link>
		<comments>http://www.criticalthinkingtutorials.com/episode-003-civic-duty/#comments</comments>
		<pubDate>Sun, 11 Jul 2010 17:57:13 +0000</pubDate>
		<dc:creator>Kevin</dc:creator>
				<category><![CDATA[Podcast]]></category>

		<guid isPermaLink="false">http://www.critical-thinking-tutorials.com/?p=889</guid>
		<description><![CDATA[This  week on the podcast we&#8217;re asking two questions:

What is the role of critical thinking in supporting and sustaining liberal democratic societies? (My answer: A Big One!)
Do we, as citizens, have a civic duty to cultivate our critical thinking faculties? (My answer: YES!)

I also talk about the sorry state of critical thinking education in [...]]]></description>
			<content:encoded><![CDATA[<p>This  week on the podcast we&#8217;re asking two questions:</p>
<ol>
<li>What is the role of critical thinking in supporting and sustaining <strong>liberal democratic societies</strong>? (My answer: <strong>A Big One</strong>!)</li>
<li>Do we, as citizens, have a <strong>civic duty</strong> to cultivate our critical thinking faculties? (My answer: <strong>YES</strong>!)</li>
</ol>
<p>I also talk about the sorry state of critical thinking education in the  public school system, and a distressing trend I&#8217;m seeing in colleges and universities.</p>
<img src="http://feeds.feedburner.com/~r/TheCriticalThinker/~4/SjVLgFlYtH4" height="1" width="1"/>]]></content:encoded>
			<wfw:commentRss>http://www.criticalthinkingtutorials.com/episode-003-civic-duty/feed/?euid=1%247e1396c32cc2188871486fec9f94bb3e</wfw:commentRss>
		<slash:comments>1</slash:comments>
<enclosure url="http://s3.amazonaws.com/ctt-podcast/004.mp3" length="11209165" type="audio/mpeg" />
			<itunes:subtitle>This  week on the podcast we're asking two questions:    What is the role of critical thinking in supporting and sustaining liberal democratic societies? (My answer: A Big One!)   Do we, as citizens, have a civic duty to cultivate our critical thinking...</itunes:subtitle>
		<itunes:summary>This  week on the podcast we're asking two questions:

	* What is the role of critical thinking in supporting and sustaining liberal democratic societies? (My answer: A Big One!)
	* Do we, as citizens, have a civic duty to cultivate our critical thinking faculties? (My answer: YES!)

I also talk about the sorry state of critical thinking education in the  public school system, and a distressing trend I'm seeing in colleges and universities.</itunes:summary>
		<itunes:author>CriticalThinkingTutorials.com</itunes:author>
		<itunes:explicit>no</itunes:explicit>
		<itunes:duration>11:40</itunes:duration>
	<media:content url="http://s3.amazonaws.com/ctt-podcast/004.mp3" fileSize="11209165" type="audio/mpeg" /><feedburner:origLink>http://www.criticalthinkingtutorials.com/episode-003-civic-duty/</feedburner:origLink></item>
		<item>
		<title>TCT 003: Why Critical Thinking Matters | Part 2: Empowerment</title>
		<link>http://feedproxy.google.com/~r/TheCriticalThinker/~3/cDEpZyUxWWQ/</link>
		<comments>http://www.criticalthinkingtutorials.com/episode-003-empowerment/#comments</comments>
		<pubDate>Tue, 29 Jun 2010 00:49:29 +0000</pubDate>
		<dc:creator>Kevin</dc:creator>
				<category><![CDATA[Podcast]]></category>

		<guid isPermaLink="false">http://www.critical-thinking-tutorials.com/?p=855</guid>
		<description><![CDATA[Last episode we talked about critical thinking as a means of SELF-DEFENSE against manipulative rhetoric and faulty arguments.  This week we look at how mastery of the elements of critical thinking can help to EMPOWER people, help them to be more effective persuaders and influencers themselves.
]]></description>
			<content:encoded><![CDATA[<p>Last episode we talked about critical thinking as a means of SELF-DEFENSE against manipulative rhetoric and faulty arguments.  This week we look at how mastery of the elements of critical thinking can help to EMPOWER people, help them to be more effective persuaders and influencers themselves.</p>
<img src="http://feeds.feedburner.com/~r/TheCriticalThinker/~4/cDEpZyUxWWQ" height="1" width="1"/>]]></content:encoded>
			<wfw:commentRss>http://www.criticalthinkingtutorials.com/episode-003-empowerment/feed/?euid=1%247e1396c32cc2188871486fec9f94bb3e</wfw:commentRss>
		<slash:comments>0</slash:comments>
<enclosure url="http://s3.amazonaws.com/ctt-podcast/003.mp3" length="6479956" type="audio/mpeg" />
			<itunes:subtitle>Last episode we talked about critical thinking as a means of SELF-DEFENSE against manipulative rhetoric and faulty arguments.  This week we look at how mastery of the elements of critical thinking can help to EMPOWER people,</itunes:subtitle>
		<itunes:summary>Last episode we talked about critical thinking as a means of SELF-DEFENSE against manipulative rhetoric and faulty arguments.  This week we look at how mastery of the elements of critical thinking can help to EMPOWER people, help them to be more effective persuaders and influencers themselves.</itunes:summary>
		<itunes:author>CriticalThinkingTutorials.com</itunes:author>
		<itunes:explicit>no</itunes:explicit>
		<itunes:duration>6:45</itunes:duration>
	<media:content url="http://s3.amazonaws.com/ctt-podcast/003.mp3" fileSize="6479956" type="audio/mpeg" /><feedburner:origLink>http://www.criticalthinkingtutorials.com/episode-003-empowerment/</feedburner:origLink></item>
		<item>
		<title>TCT 002: Why Critical Thinking Matters | Part 1: Self-Defense</title>
		<link>http://feedproxy.google.com/~r/TheCriticalThinker/~3/5U_zVdz0v0Y/</link>
		<comments>http://www.criticalthinkingtutorials.com/episode-002-self-defense/#comments</comments>
		<pubDate>Tue, 22 Jun 2010 04:16:16 +0000</pubDate>
		<dc:creator>Kevin</dc:creator>
				<category><![CDATA[Podcast]]></category>

		<guid isPermaLink="false">http://www.critical-thinking-tutorials.com/?p=841</guid>
		<description><![CDATA[In this episode of The Critical Thinker I begin a four-part series on &#8220;why critical thinking matters&#8221;. In this episode I focus on critical thinking as a form of SELF-DEFENSE against the false rhetoric, sophisticated manipulations and bad arguments used by people and institutions to influence your beliefs, values and actions.
]]></description>
			<content:encoded><![CDATA[<p>In this episode of The Critical Thinker I begin a four-part series on &#8220;why critical thinking matters&#8221;. In this episode I focus on critical thinking as a form of SELF-DEFENSE against the false rhetoric, sophisticated manipulations and bad arguments used by people and institutions to influence your beliefs, values and actions.</p>
<img src="http://feeds.feedburner.com/~r/TheCriticalThinker/~4/5U_zVdz0v0Y" height="1" width="1"/>]]></content:encoded>
			<wfw:commentRss>http://www.criticalthinkingtutorials.com/episode-002-self-defense/feed/?euid=1%247e1396c32cc2188871486fec9f94bb3e</wfw:commentRss>
		<slash:comments>0</slash:comments>
<enclosure url="http://s3.amazonaws.com/ctt-podcast/002.mp3" length="7781063" type="audio/mpeg" />
			<itunes:subtitle>In this episode of The Critical Thinker I begin a four-part series on "why critical thinking matters". In this episode I focus on critical thinking as a form of SELF-DEFENSE against the false rhetoric, sophisticated manipulations and bad arguments used...</itunes:subtitle>
		<itunes:summary>In this episode of The Critical Thinker I begin a four-part series on "why critical thinking matters". In this episode I focus on critical thinking as a form of SELF-DEFENSE against the false rhetoric, sophisticated manipulations and bad arguments used by people and institutions to influence your beliefs, values and actions.</itunes:summary>
		<itunes:author>CriticalThinkingTutorials.com</itunes:author>
		<itunes:explicit>no</itunes:explicit>
		<itunes:duration>8:06</itunes:duration>
	<media:content url="http://s3.amazonaws.com/ctt-podcast/002.mp3" fileSize="7781063" type="audio/mpeg" /><feedburner:origLink>http://www.criticalthinkingtutorials.com/episode-002-self-defense/</feedburner:origLink></item>
		<item>
		<title>TCT 001: About Your Host</title>
		<link>http://feedproxy.google.com/~r/TheCriticalThinker/~3/1vG5BzHGpRk/</link>
		<comments>http://www.criticalthinkingtutorials.com/episode-001-about-your-host/#comments</comments>
		<pubDate>Tue, 15 Jun 2010 18:40:37 +0000</pubDate>
		<dc:creator>Kevin</dc:creator>
				<category><![CDATA[Podcast]]></category>

		<guid isPermaLink="false">http://www.critical-thinking-tutorials.com/?p=709</guid>
		<description><![CDATA[In this inaugural episode of The Critical Thinker podcast I give listeners an introduction to my background and history as a philosopher and critical thinking instructor.



]]></description>
			<content:encoded><![CDATA[<p>In this inaugural episode of The Critical Thinker podcast I give listeners an introduction to my background and history as a philosopher and critical thinking instructor.</p>
<blockquote>
<p style="padding-left: 30px;">
</blockquote>
<img src="http://feeds.feedburner.com/~r/TheCriticalThinker/~4/1vG5BzHGpRk" height="1" width="1"/>]]></content:encoded>
			<wfw:commentRss>http://www.criticalthinkingtutorials.com/episode-001-about-your-host/feed/?euid=1%247e1396c32cc2188871486fec9f94bb3e</wfw:commentRss>
		<slash:comments>0</slash:comments>
<enclosure url="http://s3.amazonaws.com/ctt-podcast/001.mp3" length="3736054" type="audio/mpeg" />
			<itunes:subtitle>In this inaugural episode of The Critical Thinker podcast I give listeners an introduction to my background and history as a philosopher and critical thinking instructor.   </itunes:subtitle>
		<itunes:summary>In this inaugural episode of The Critical Thinker podcast I give listeners an introduction to my background and history as a philosopher and critical thinking instructor.


</itunes:summary>
		<itunes:author>CriticalThinkingTutorials.com</itunes:author>
		<itunes:explicit>no</itunes:explicit>
		<itunes:duration>3:53</itunes:duration>
	<media:content url="http://s3.amazonaws.com/ctt-podcast/001.mp3" fileSize="3736054" type="audio/mpeg" /><feedburner:origLink>http://www.criticalthinkingtutorials.com/episode-001-about-your-host/</feedburner:origLink></item>
	<media:credit role="author">CriticalThinkingTutorials.com</media:credit><media:rating>nonadult</media:rating><media:description type="plain">Dedicated to the Art and Science of Reasoning Well</media:description></channel>
</rss>
