	<?xml version="1.0" encoding="UTF-8"?>

	<rss xmlns:itunes="http://www.itunes.com/dtds/podcast-1.0.dtd" version="2.0">
	<channel>
		<generator>Radif Sharafullin's custom software'</generator>
		<title>Summer Street Church Podcasting</title>
		<link>http://summerstreetchurch.org/</link>
		<language>en-us</language>
		<copyright>&#x2117; &amp; &#xA9; Summer Street Church</copyright>
		<itunes:explicit>no</itunes:explicit>
		<itunes:subtitle>Sunday Services</itunes:subtitle>
		<itunes:author>Pastor Richard Leland</itunes:author>
		<itunes:summary>Weekly Podcasting of Sunday Services From Summer Street Church, Nantucket, MA</itunes:summary>
		<description>Weekly Podcasting of Sunday Services From Summer Street Church, Nantucket, MA</description>
		<itunes:owner>
		<itunes:name>Summer Street Church, Nantucket, MA</itunes:name>
		<itunes:email>carolyn@summerstreetchurch.org</itunes:email>
		</itunes:owner>
		<itunes:image href="http://summerstreetchurch.org/podcasting/cover.jpg" />

		<itunes:category text="Religion &amp; Spirituality">
			<itunes:category text="Christianity" />
		</itunes:category>

		<item>

	<title>09-02-2010</title>

	<itunes:author>Summer Street Church, Nantucket, MA</itunes:author>

	<itunes:subtitle>Summer Street Church Podcasting</itunes:subtitle>

	<itunes:summary>dhgfhdfgdf???&amp;??&amp;?


dfg

s
dfg

dfg/Users/radif.sharafullin/Desktop/Screen shot 2010-08-27 at 6.32.23 PM.png

d
g
dfg
</itunes:summary>

	<enclosure url="http://summerstreetchurch.org/podcasting/episodes/09-02-2010-11-49-50-AM.mp3" length="0" type="audio/mpeg" />
	<pubDate>Thu, 2 Sep 2010 11:49:50 EDT</pubDate>
	<itunes:keywords>Summer,Street,Church,Nantucket,Evangelical,Christians,baptist,baptism,brant,point,Rich,Leland,Richard,Leland,4,Trotters,ln,summer,st,traders,ln,protestant,religion,christianity,preaching,preach,Jesus,Christ,Bible,Gospel,Service,Christian,music,New,Testam</itunes:keywords>

	</item> 	<item>

	<title>title</title>

	<itunes:author>Summer Street Church, Nantucket, MA</itunes:author>

	<itunes:subtitle>Summer Street Church Podcasting</itunes:subtitle>

	<itunes:summary>description</itunes:summary>

	<enclosure url="http://summerstreetchurch.org/podcasting/episodes/here.mp3" length="0" type="audio/mpeg" />
	<pubDate>Wed, 15 Jun 2005 19:00:00 GMT</pubDate>
	<itunes:keywords>Summer,Street,Church,Nantucket,Evangelical,Christians,baptist,baptism,brant,point,Rich,Leland,Richard,Leland,4,Trotters,ln,summer,st,traders,ln,protestant,religion,christianity,preaching,preach,Jesus,Christ,Bible,Gospel,Service,Christian,music,New,Testam</itunes:keywords>

	</item>

	</channel>

	</rss>